{"cameraMode":{"drawMode":0,"name":"Shaded","section":"Shading Mode"},"sceneLighting":true,"audioPlay":false,"sceneViewState":{"showFog":true,"showMaterialUpdate":true,"showSkybox":true,"showFlares":true,"showImageEffects":true,"showParticleSystems":true},"in2DMode":false,"pivot":{"x":23.756359100341798,"y":13.384567260742188,"z":26.347206115722658},"rotation":{"x":-0.0651976615190506,"y":0.9190217852592468,"z":-0.1718045324087143,"w":-0.348757266998291},"size":4.5088677406311039,"orthographic":false}